{"cameraMode":{"drawMode":0,"name":"Shaded","section":"Shading Mode"},"sceneLighting":true,"audioPlay":false,"sceneViewState":{"showFog":true,"showMaterialUpdate":false,"showSkybox":true,"showFlares":true,"showImageEffects":true,"showParticleSystems":true},"in2DMode":false,"pivot":{"x":-9.142101287841797,"y":1.0256462097167969,"z":8.286429405212403},"rotation":{"x":0.30950766801834109,"y":0.3275073170661926,"z":-0.11449351906776428,"w":0.8853446841239929},"size":25.503122329711915,"orthographic":false}