{"cameraMode":{"drawMode":0,"name":"Shaded","section":"Shading Mode"},"sceneLighting":true,"audioPlay":false,"sceneViewState":{"showFog":true,"showMaterialUpdate":false,"showSkybox":true,"showFlares":true,"showImageEffects":true,"showParticleSystems":true},"in2DMode":false,"pivot":{"x":-4.443004608154297,"y":3.8181498050689699,"z":-5.321357727050781},"rotation":{"x":-0.2424251139163971,"y":0.5367867946624756,"z":-0.16446663439273835,"w":-0.791227400302887},"size":26.283185958862306,"orthographic":false}